Q7,Q8,Q9,Q10,Q11,Q12,Q1,Q2,Q3,Q4,Q5,Q6
option_b,option_b,option_a,option_b,option_a,option_a,option_b,option_b,option_b,option_b,option_a,option_a
option_b,option_b,option_b,option_a,option_b,option_a,option_b,option_a,option_a,option_a,option_a,option_b
option_a,option_a,option_a,option_a,option_a,option_a,option_a,option_a,option_a,option_a,option_a,option_a
option_a,option_a,option_a,option_a,option_a,option_a,option_a,option_a,option_a,option_a,option_a,option_a
option_a,option_a,option_b,option_a,option_b,option_a,option_a,option_a,option_a,option_b,option_a,option_a
option_a,option_a,option_a,option_a,option_a,option_a,option_a,option_a,option_a,option_a,option_a,option_a
option_a,option_a,option_a,option_a,option_a,option_a,option_a,option_a,option_a,option_a,option_a,option_b
option_a,option_a,option_a,option_a,option_b,option_a,option_a,option_a,option_a,option_a,option_a,option_a
option_a,option_a,option_a,option_a,option_a,option_a,option_a,option_a,option_a,option_a,option_a,option_a
option_a,option_a,option_a,option_a,option_a,option_a,option_a,option_a,option_a,option_a,option_a,option_a
option_a,option_a,option_a,option_a,option_a,option_a,option_a,option_a,option_a,option_a,option_a,option_a
option_a,option_a,option_a,option_a,option_a,option_a,option_a,option_a,option_a,option_a,option_a,option_a
option_a,option_a,option_a,option_a,option_b,option_a,option_a,option_a,option_a,option_a,option_a,option_a
option_a,option_a,option_a,option_a,option_a,option_a,option_a,option_a,option_a,option_a,option_a,option_a
option_a,option_a,option_a,option_a,option_a,option_a,option_a,option_a,option_a,option_a,option_a,option_a
option_a,option_a,option_a,option_a,option_a,option_a,option_a,option_a,option_a,option_a,option_a,option_a
option_a,option_a,option_a,option_a,option_b,option_a,option_a,option_b,option_b,option_b,option_a,option_a
option_a,option_a,option_a,option_b,option_b,option_a,option_a,option_a,option_a,option_a,option_a,option_a
option_a,option_a,option_a,option_a,option_a,option_a,option_a,option_a,option_a,option_a,option_a,option_a
option_a,option_a,option_a,option_a,option_b,option_a,option_a,option_a,option_a,option_a,option_a,option_a
option_a,option_a,option_a,option_a,option_a,option_a,option_a,option_a,option_a,option_a,option_a,option_a
option_a,option_a,option_a,option_b,option_b,option_a,option_a,option_a,option_a,option_a,option_a,option_a
option_a,option_a,option_a,option_a,option_a,option_a,option_a,option_a,option_a,option_a,option_a,option_a
option_a,option_a,option_a,option_a,option_b,option_a,option_a,option_a,option_a,option_a,option_a,option_a
option_a,option_a,option_a,option_a,option_a,option_a,option_a,option_a,option_a,option_a,option_a,option_a
option_a,option_a,option_a,option_a,option_a,option_a,option_a,option_a,option_a,option_a,option_a,option_a
option_a,option_a,option_a,option_b,option_b,option_a,option_a,option_a,option_a,option_a,option_a,option_a
option_a,option_a,option_a,option_a,option_a,option_a,option_a,option_a,option_a,option_a,option_a,option_a
option_b,option_b,option_a,option_b,option_a,option_a,option_a,option_a,option_a,option_a,option_a,option_a
option_a,option_a,option_a,option_b,option_b,option_a,option_a,option_a,option_a,option_a,option_a,option_a
option_a,option_a,option_a,option_a,option_a,option_a,option_a,option_a,option_a,option_a,option_a,option_a
option_a,option_a,option_a,option_a,option_a,option_a,option_a,option_a,option_a,option_a,option_a,option_a
option_a,option_a,option_a,option_b,option_b,option_a,option_a,option_a,option_a,option_b,option_a,option_a
option_a,option_a,option_a,option_b,option_b,option_a,option_a,option_a,option_a,option_a,option_a,option_a
option_a,option_a,option_a,option_a,option_b,option_b,option_a,option_a,option_a,option_a,option_a,option_a
option_a,option_a,option_a,option_a,option_a,option_a,option_a,option_a,option_a,option_a,option_a,option_a
option_a,option_a,option_a,option_a,option_a,option_a,option_a,option_a,option_a,option_a,option_a,option_a
option_a,option_a,option_a,option_a,option_a,option_a,option_a,option_a,option_a,option_a,option_a,option_a
option_a,option_a,option_a,option_a,option_a,option_a,option_a,option_a,option_a,option_a,option_a,option_a
option_a,option_a,option_a,option_a,option_a,option_a,option_a,option_a,option_a,option_a,option_a,option_a
option_a,option_a,option_a,option_a,option_a,option_a,option_a,option_a,option_a,option_a,option_a,option_a
option_a,option_a,option_a,option_a,option_b,option_a,option_a,option_a,option_b,option_a,option_a,option_a
option_a,option_a,option_a,option_a,option_a,option_a,option_a,option_a,option_a,option_a,option_a,option_a
option_a,option_a,option_a,option_b,option_b,option_a,option_a,option_a,option_a,option_a,option_a,option_a
option_a,option_a,option_a,option_a,option_a,option_a,option_a,option_a,option_a,option_a,option_a,option_a
option_a,option_a,option_a,option_a,option_a,option_a,option_a,option_a,option_a,option_a,option_a,option_a
option_a,option_a,option_a,option_a,option_a,option_a,option_a,option_a,option_a,option_a,option_a,option_a
option_a,option_a,option_a,option_b,option_b,option_a,option_a,option_a,option_a,option_a,option_a,option_a
option_a,option_a,option_a,option_a,option_a,option_a,option_a,option_a,option_a,option_a,option_a,option_a
option_a,option_a,option_a,option_b,option_b,option_a,option_a,option_a,option_a,option_a,option_a,option_a
option_a,option_a,option_a,option_a,option_a,option_a,option_a,option_a,option_a,option_a,option_a,option_a
